{
    "Feature" :{
        "psk:JobCopiesAllDocuments":
            ["psk:JobCopiesAllDocuments",
                {"":""}
            ],
        "psk:JobNUpAllDocumentsContiguously":
            ["psk:DocumentNUp",
                {"":""}
            ],
        "psk:PageMediaSize":
            ["psk:PageMediaSize",
                {"":""}
            ],        
        "psk:JobInputBin":
            ["psk:PageInputBin",
                {"psk:AutoSelect":"psk:AutoSelect"},
                {"ns0000:Auto":"ns0000:UsePrinterSetting"},
                {"ns0000:ManualFeed":"psk:Manual"},
                {"ns0000:Tray1":"ns0000:Tray1"},
                {"ns0000:Tray2":"ns0000:Tray2"},
                {"ns0000:Tray3":"ns0000:Tray13"},
                {"ns0000:Tray4":"ns0000:Tray4"},
                {"ns0000:Tray5":"ns0000:Tray5"},
                {"ns0000:Tray6":"ns0000:Tray6"},
                {"ns0000:EnvFeed":"ns0000:envFeed"}
            ],
        "psk:PageResolution":
            ["psk:PageResolution",
                {"ns0000:_300dpi":"ns0000:_300dpi"},
                {"ns0000:_600dpi":"ns0000:_600dpi"},
                {"ns0000:_1200dpi":"ns0000:_1200dpi"}
            ],
        "ns0000:JobDryTime":
            ["ns0000:DocumentInkDryTime",
                {"":"ns0000:PrintDefault"},
                {"ns0000:_0":"ns0000:DryZero"},
                {"ns0000:medium":"ns0000:DryMedium"},
                {"ns0000:long":"ns0000:DryLong"}
            ],
        "ns0000:JobSaturation":
            ["ns0000:DocumentInkSaturation",
                {"":"ns0000:PrintDefault"},
                {"ns0000:_0":"ns0000:PrintDefault"},
                {"ns0000:Minus2":"ns0000:SaturationM2"},
                {"ns0000:Minus1":"ns0000:SaturationM1"},
                {"ns0000:_0":"ns0000:SaturationZero"},
                {"ns0000:_1":"ns0000:SaturationOne"},
                {"ns0000:_2":"ns0000:SaturationTwo"}
            ],
        "ns0000:JobBlackInkSpread":
            ["ns0000:DocumentBlackInkSpread",
                {"":"ns0000:PrintDefault"},
                {"ns0000:least":"ns0000:InkSpreadLeast"},
                {"ns0000:less":"ns0000:InkSpreadLess"},
                {"ns0000:default":"ns0000:InkSpreadDefault"}
            ],
        "psk:PageOrientation":
            ["psk:PageOrientation",
                {"psk:Portrait":"psk:Portrait"},
                {"psk:Landscape":"psk:Landscape"}
            ],
        "ns0000:JobHPOrientRotate180":
            ["ns0000:PageRotate180",
                {"ns0000:False":"ns0000:NoRotation"},
                {"ns0000:True":"ns0000:Rotate180"}
            ],
        
        "psk:JobDuplexAllDocumentsContiguously":
            ["psk:JobDuplexAllDocumentsContiguously",
                {"psk:OneSided":"psk:OneSided"},
                {"psk:TwoSidedLongEdge":"psk:TwoSidedLongEdge"},
                {"psk:TwoSidedShortEdge":"psk:TwoSidedShortEdge"}
            ], 
        
        "psk:DocumentCollate":
            ["",
                {"psk:Collated":"psk:Collated"},
                {"psk:Uncollated":"psk:Uncollated"}
            ],       
            
        "ns0000:JobPunching":
            ["psk:DocumentHolePunch",
                {"ns0000:None":"psk:None"},
                {"ns0000:Left":"psk:LeftEdge"},
                {"ns0000:Right":"psk:RightEdge"},
                {"ns0000:TOp":"psk:TopEdge"},
                {"ns0000:TwoHolesBottom_PC":"ns0000:Punch2BottomUS"},
                {"ns0000:TwoHolesLeftOrTop_PC":"ns0000:Punch2LeftOrTopUS"},
                {"ns0000:ThreeHolesLeft_PC":"ns0000:Punch3LeftUS"},
                {"ns0000:ThreeHolesRight_PC":"ns0000:Punch3RightUS"},
                {"ns0000:ThreeHolesTop_PC":"ns0000:Punch3TopUS"},
                {"ns0000:ThreeHolesBottom_PC":"ns0000:Punch3BottomUS"},
                {"ns0000:ThreeHolesLeftOrTop_PC":"ns0000:Punch3LeftOrTopUS"},
                {"ns0000:FourHolesLeft_PC":"ns0000:Punch4LeftDIN"},
                {"ns0000:FourHolesRight_PC":"ns0000:Punch4RightDIN"},
                {"ns0000:FourHolesTop_PC":"ns0000:Punch4TopDIN"},
                {"ns0000:FourHolesBottom_PC":"ns0000:Punch4BottomDIN"},
                {"ns0000::FourHolesLeftOrTop_PC":"ns0000:Punch4LeftOrTopDIN"},
                {"ns0000:FourHolesLeftSwd_PC":"ns0000:Punch4LeftSWD"},
                {"ns0000:FourHolesRightSwd_PC":"ns0000:Punch4RightSWD"},
                {"ns0000:FourHolesTopSwd_PC":"ns0000:Punch4TopSWD"},
                {"ns0000:FourHolesBottomSwd_PC":"ns0000:Punch4BottomSWD"},
                {"ns0000:FourHolesLeftOrTopSwd_PC":"ns0000:Punch4LeftOrTopSWD"}
            ],
                
        
        "psk:JobStapleAllDocuments":
            ["psk:JobStapleAllDocuments",
                {"ns0000:None":"ns0000:None"},
                {"ns0000:_1Staple_PC":"ns0000:Staple1"},
                {"ns0000:_1StapleLeft_PC":"psk:StapleTopLeft"},
                {"ns0000:_1StapleRight_PC":"psk:StapleTopRight"},
                {"ns0000:_2StaplesLeft_PC":"psk:StapleDualLeft"},
                {"ns0000:_2StaplesRight_PC":"psk:StapleDualRight"},
                {"ns0000:_2StaplesTop_PC":"psk:StapleDualTop"},
                {"ns0000:_2StaplesBottom_PC":"psk:StapleDualBottom"},
                {"ns0000:_2StaplesLeftOrTop_PC":"ns0000:StapleDualTopOrLeft"},
                {"ns0000:_3StaplesLeft_PC":"ns0000:StapleTripleLeft"},
                {"ns0000:_3StaplesRight_PC":"ns0000:StapleTripleRight"},
                {"ns0000:_3StaplesTop_PC":"ns0000:StapleTripleTop"},
                {"ns0000:_3StaplesBottom_PC":"ns0000:StapleTripleBottom"},
                {"ns0000:_3StaplesLeftOrTop_PC":"ns0000:StapleTripleTopOrLeft"},
                {"ns0000:FoldAndStitch_PC":"psk:SaddleStitch"}
            ],

        "ns0000:JobTextAsBlack":
            ["ns0000:PageBlackText",
                {"ns0000:False":"psk:None"}, 
                {"ns0000:True":"ns0000:BlackText"}
            ],

        "ns0000:JobPCFolding":
            ["ns0000:JobFinishingFolding",
                {"ns0000:None":"ns0000:FoldOff"},
                {"ns0000:PCInwardCFoldLeftUp":"ns0000:InwardCFoldLeftOrUpSet"},
                {"ns0000:PCInwardCFoldRightDown":"ns0000:InwardCFoldRightOrDownSet"},
                {"ns0000:PCOutwardCFoldLeftUp":"ns0000:OutwardCFoldLeftOrUpSet"},              
                {"ns0000:PCOutwardCFoldRightDown":"ns0000:OutwardCFoldRightOrDownSet"},
                {"ns0000:PCInwardVFold":"ns0000:InwardVFoldSet"},
                {"ns0000:PCOutwardVFold":"ns0000:OutwardVFoldSet"}

            ],
        
        "psk:JobOutputBin":
            ["psk:JobOutputBin",
                {"ns0000:Auto":"ns0000:AutomaticallySelect"},
                {"ns0000:PCStandardBin":"ns0000:PC_StandardBin"},
                {"ns0000:PCEngineOptionalOutputBin":"ns0000:PC_EngineOptionalBin1"},
                {"ns0000:PCAlternateBin":"ns0000:PC_AlternateBinFaceUp"},
                {"ns0000:PCOutputBin1":"ns0000:PC_OutputBin1"},
                {"ns0000:PCOutputBin2":"ns0000:PC_OutputBin2"},
                {"ns0000:PCOutputBin3":"ns0000:PC_OutputBin3"},
                {"ns0000:PCOutputBin4":"ns0000:PC_OutputBin4"},
                {"ns0000:PCOutputBin5":"ns0000:PC_OutputBin5"},
                {"ns0000:PCOutputBin6":"ns0000:PC_OutputBin6"},
                {"ns0000:PCOutputBin7":"ns0000:PC_OutputBin7"},
                {"ns0000:PCOutputBin8":"ns0000:PC_OutputBin8"},
                {"ns0000:PCStackerBins":"ns0000:PC_STACKER"},
                {"ns0000:PCJobSeparatorBins":"ns0000:PC_SEPERATOR"},
                {"ns0000:PCCollatorBins":"ns0000:PC_COLLATOR"}
                
            ],
        
        "ns0000:JobHPEasyColor":
            ["ns0000:DocumentHPEasyColor",
                {"ns0000:On":"ns0000:HPEasyColorOn"},
                {"ns0000:Off":"ns0000:HPEasyColorOff"}
            ],

        "psk:PageOutputColor":
            ["psk:PageOutputColor",
                {"psk:Monochrome":"psk:Monochrome"},
                {"psk:Color":"psk:Color"}
            ],  

        "psk:PageOutputQuality":
            ["psk:JobUserResolution",               
                {"ns0000:PQGroup_DRAFT_PC":"ns0000:PQDraftLaser"},
                {"ns0000:PQGroup_NORMAL_PC":"ns0000:PQNormalLaser"},
                {"ns0000:PQGroup_BEST_PC":"ns0000:PQBestLaser"},
                {"ns0000:PQGroup_MAX_PC":"ns0000:PQMaxLaser"},
                {"ns0000:PQGroup_GENOFF_PC":"ns0000:PQDraftPageWide"},
                {"ns0000:PQGroup_PROFESSIONAL_PC":"ns0000:PQNormalPageWide"},
                {"ns0000:PQGroup_7":"ns0000:PQNormalPageWide"},
                {"ns0000:PQGroup_PRESENTATION_PC":"ns0000:PQBestPageWide"},
                {"ns0000:PQGroup_MAXDPI_PC":"ns0000:PQMaxPageWide"},
                {"ns0000:PQGroup_ECONOMODE_PC":"ns0000:PQEconomode"},
                {"ns0000:PQGroup_22":"ns0000:PQDraft"},
                {"ns0000:PQGroup_23":"ns0000:PQNormal"},
                {"ns0000:PQGroup_24":"ns0000:PQBest"},
                {"ns0000:PQGroup_28":"ns0000:PQMax"}

            ],
        
        "psk:PageMediaType":
            ["psk:PageMediaType",               
                {"ns0000:AUTO": "psk:AutoSelect"},
                {"ns0000:PLAIN": "psk:Plain"},
                {"ns0000:RETAIL_SHELF_EDGE_LABELS": "ns0000:ShelfEdgeLabels"},
                {"ns0000:HP_ECOSMART_LITE": "ns0000:HPEcoSMARTLite"},
                {"ns0000:HP_LASERJ_90G": "ns0000:HPLaserJet90gsm"},
                {"ns0000:HP_MATTE_90G": "ns0000:HPMatte90gsm"},
                {"ns0000:LIGHT": "ns0000:light"},
                {"ns0000:INTERMEDIATE": "ns0000:intermediate"},
                {"ns0000:BOND": "psk:Bond"},
                {"ns0000:RECYCLED": "ns0000:recycled"},
                {"ns0000:HP_COLOR_LASER_MATTE_105G": "ns0000:HPColorLaser105gsm"},
                {"ns0000:HP_LJC_MATTE_105G": "ns0000:HPColorLaserMatte105gsm"},
                {"ns0000:PREM_CHOICE_MATTE_120G": "ns0000:HPPremium_120gsm"},
                {"ns0000:HP_LJPREM_CHOICE_120G": "ns0000:HPPremiumChoice_120gsm"},
                {"ns0000:HP_PREM_PRES_MATTE_120": "ns0000:HPPremiumPresentationMatte"},
                {"ns0000:HP_PRESENTATION_SOFT_GLOSS": "ns0000:HPPresentationSoftGloss120gsm"},
                {"ns0000:HP_PROFESSIONAL_SOFT_GLOSS": "ns0000:HPProfessionalSoftGloss120gsm"},
                {"ns0000:HP_PRES_SOFT_GLOSS_120G": "ns0000:HPProfessionalSoftGloss120gsm_2"},
                {"ns0000:HP_PRESENTATION_GLOSSY_130G": "ns0000:HPProfessionalGlossy130gsm"},
                {"ns0000:HP_PRES_GLOSS_130G": "ns0000:HPPresentationGlossy130gsm"},
                {"ns0000:MIDWEIGHT_96_110G": "ns0000:midweight"},
                {"ns0000:HEAVY": "ns0000:heavy"},
                {"ns0000:GLOSS": "ns0000:midweightGlossy"},
                {"ns0000:HEAVY_GLOSSY": "ns0000:heavyGlossy"},
                {"ns0000:MATTE_TYPE": "ns0000:matte"},
                {"ns0000:HP_COLOR_LASER_BROCHURE_MATTE_160G": "ns0000:HPBrochureMatte160gsm"},
                {"ns0000:HP_CLJ_BROCHURE_MATTE_160G": "ns0000:HPBrochureMatte160gsm"},
                {"ns0000:HP_COLOR_LASER_BROUCHER_GLOSSY_160G": "ns0000:HPSuperiorGlossy160gsm"},
                {"ns0000:HP_CL_BROC_GLOSSY_160G": "ns0000:HPBrochureGlossy160gsm"},
                {"ns0000:HP_TRIFOLD_CL_BROC_160G": "ns0000:HPTrifoldBrochureGlossy"},
                {"ns0000:EXTRA_HEAVY": "ns0000:extraHeavy"},
                {"ns0000:EXTRA_HEAVY_GLOSSY": "ns0000:extraHeavyGloss"},
                {"ns0000:MATTE_BROCHURE": "ns0000:matteBrochure"},
                {"ns0000:HP_BROCHURE_FLYER_MATTE": "ns0000:HPBrochureAndFlyerPaperMatte"},
                {"ns0000:HP_COVER_MATTE_200": "ns0000:HPMatteCover200gsm"},
                {"ns0000:HP_PHOTO_MATTE_200G": "ns0000:HPMattePhoto200gsm"},
                {"ns0000:HP_COVER_MATTE_200G": "ns0000:HPMatteCover"},
                {"ns0000:HP_GLOSSY_EDGELINE_180": "ns0000:HPGlossyEdgeline180g"},
                {"ns0000:HP_COLOR_LASER_PHOTO_GLOSSY": "ns0000:HPGlossPhoto220gsm"},
                {"ns0000:HP_CL_Photo_Glossy_220g_FP": "ns0000:HPGlossPhoto220gsmFasterPrinting"},
                {"ns0000:HP_CL_Photo_Glossy_220g_HG": "ns0000:HPGlossPhoto220gsmHigherGloss"},
                {"ns0000:HP_CL_PHOTO_GlOSSY_220G": "ns0000:HPGlossPhoto220gsm_2"},
                {"ns0000:CARDSTOCK": "ns0000:cardstockGeneral"},
                {"ns0000:CARDSTOCK176": "ns0000:CardStock"},
                {"ns0000:CARDGLOSSY": "ns0000:cardstockGlossy"},
                {"ns0000:MATTE_COVER": "ns0000:matteCover"},
                {"ns0000:HP_PREM_INKJ_TRANS": "ns0000:HPPremiumInkjetTransparency"},
                {"ns0000:COLOR_TRANSPARENCY": "ns0000:transparencyColorLaser"},
                {"ns0000:MONO_TRANSPARENCY": "ns0000:transparencyMonoLaser"},
                {"psk:Transparency": "ns0000:transparency"},
                {"ns0000:LABELS": "psk:CardStock"},
                {"ns0000:LETTERHEAD": "ns0000:stationeryletterhead"},
                {"ns0000:ENVELOPE": "ns0000:EnvelopePlain"},
                {"ns0000:HEAVY_ENVELOPE": "ns0000:HeavyEnvelope"},
                {"ns0000:PREPRINTED": "ns0000:stationerypreprinted"},
                {"ns0000:PREPUNCHED": "ns0000:stationeryprepunched"},
                {"ns0000:COLOR": "ns0000:color"},
                {"ns0000:ROUGH": "ns0000:rough"},
                {"ns0000:HEAVY_ROUGH": "ns0000:heavyRough"},
                {"ns0000:OPAQUEFILM": "ns0000:filmOpaque"},
                {"ns0000:VELLUM": "ns0000:vellum"},
                {"ns0000:THICK_PLAIN": ""},
                {"ns0000:HP_PREM_INKJET_PAPER": "ns0000:HPPremiumInkjet"},
                {"ns0000:ADVANCED_PHOTO_PAPERS": "ns0000:HPAdvancedPhoto"},
                {"ns0000:HP_EVERYDAY_PHOTO_PAPER_MATTE": "ns0000:HPEverydayPhotoMatte"},
                {"ns0000:OTHER_PHOTO_PAPER": "ns0000:photoOther"},
                {"ns0000:OTHER_TRANSPARENCY_FILMS": "ns0000:transparencyOther"},
                {"ns0000:HP_BROCHURE_MATTE_180G": "ns0000:HPBrochureMatte180gsm"},
                {"ns0000:HP_BROCHURE_GLOSSY": "ns0000:HPBrochureGlossy180gsm"},
                {"ns0000:HP_PREMIUM_PLUS_PHOTO": "ns0000:HPPremiumPlusPhoto"},
                {"ns0000:HP_TRIFOLD_BROCHURE_GLOSSY_180G": "ns0000:HPTrifoldBrochureGlossy180gsm"},
                {"ns0000:LIGHT_BOND_TYPE": "ns0000:lightBond"},
                {"ns0000:LIGHT_ROUGH_TYPE": "ns0000:lightRough"},
                {"ns0000:PAPERBOARD_221_255G": "ns0000:lightPaperboard"},
                {"ns0000:PAPERBOARD_256_300G": "ns0000:Paperboard"},
                {"ns0000:PAPERBOARD_301G_PLUS": "ns0000:heavyPaperboard"},
                {"ns0000:THIN": "ns0000:thin"},
                {"ns0000:COTTON": "ns0000:cotton"},
                {"ns0000:ARCHIVE": "ns0000:archive"},
                {"ns0000:THICKER": "ns0000:thicker"},
                {"ns0000:HEAVY_WEIGHT": "ns0000:heavyweight"},
                {"ns0000:EXTRA_HEAVY_WEIGHT_1": "ns0000:extraheavyweight1"},
                {"ns0000:EXTRA_HEAVY_WEIGHT_2": "ns0000:extraheavyweight2"},
                {"ns0000:THIN_CARDSTOCK": "ns0000:thincardstock"},
                {"ns0000:THICK_CARDSTOCK": "ns0000:thickcardstock"},
                {"ns0000:THIN_GLOSSY": "ns0000:thinglossy"},
                {"ns0000:THICK_GLOSSY": "ns0000:thickglossy"},
                {"ns0000:GLOSSY_PHOTO_111_130": "ns0000:glossyphoto111130"},
                {"ns0000:GLOSSY_PHOTO_131_175": "ns0000:glossyphoto131175"},
                {"ns0000:GLOSSY_PHOTO_176_220": "ns0000:glossyphoto176220"},
                {"ns0000:THICK_ENVELOPE": "ns0000:thickenvelope"},
                {"ns0000:THICK": "ns0000:thick"},
                {"ns0000:EXTRA_HEAVY_WEIGHT_3": "ns0000:extraheavyweight3"},
                {"ns0000:EXTRA_HEAVY_WEIGHT_4": "ns0000:extraheavyweight4"},
                {"ns0000:HEAVY_CARDSTOCK": "ns0000:heavycardstock"},
                {"ns0000:EXTRA_HEAVY_CARDSTOCK_1": "ns0000:extraheavycardstock1"},
                {"ns0000:EXTRA_HEAVY_CARDSTOCK_2": "ns0000:extraheavycardstock2"},
                {"ns0000:EXTRA_HEAVY_WEIGHT": "ns0000:extraheavyweight"}
            ],

            "ns0000:PageRGBColor":
            ["ns0000:DocumentRGBColor",
                {"ns0000:Default_sRGB":"ns0000:GeneralPrinterDefault"},              
                {"ns0000:Default_sRGB_Common":"ns0000:RGBColorRGB"},
                {"ns0000:Images_RGB_Common":"ns0000:RGBColorSRGB"},
                {"ns0000:None_Common":"ns0000:RGBColorNone"},
                {"ns0000:Adobe_RGB_Common":"ns0000:RGBColorAdobeRGB"},
                {"ns0000:Vivid_Common":"ns0000:RGBColorVivid"},
                {"ns0000:Custom_Profile_Common":"ns0000:RGBColorCustomProfile"}                
            ], 
            "ns0000:JobHPPrintOnBothSidesManually":["",{"ns0000:False":""}], 
            "ns0000:JobHPOutputBinOrientation":["",{"ns0000:FACEDOWN":""}],
            "ns0000:JobEconomode":["",{"ns0000:False":""}]


    }
}