<?xml version="1.0"?>
<doc>
    <assembly>
        <name>HP.Jarvis.DataCollection</name>
    </assembly>
    <members>
        <member name="M:HP.Jarvis.DataCollection.DataCollectionService.DataValveCDMEvent.ToEventData">
            <summary>
            Helper to transform the Event object into a dictionary
            </summary>
            <returns></returns>
        </member>
        <member name="M:HP.Jarvis.DataCollection.DataCollectionService.SimpleUiEvent.ToDictionary">
            <summary>
            Helper to transform the SimpleUiEvent object into a dictionary
            </summary>
            <returns></returns>
        </member>
        <member name="M:HP.Jarvis.DataCollection.DataCollectionService.SystemInformationEvent.ToDictionary">
            <summary>
            Helper to transform the SystemInformationEvent object into a dictionary
            </summary>
            <returns></returns>
        </member>
        <member name="M:HP.Jarvis.DataCollection.DataCollectionService.ValveControllerMetaData.ToDictionary">
            <summary>
            Helper to transform the ValveControllerMetadata object into a dictionary
            </summary>
            <returns></returns>
        </member>
        <member name="M:HP.Jarvis.DataCollection.DataCollectionService.FilterPrinterTree(HP.Jarvis.DataCollection.PrinterRequest,HP.Jarvis.DataCollection.PrinterResponse,HP.Jarvis.DataCollection.PrinterInfo,HP.Jarvis.DataCollection.DataCollectionService.ValveControllerMetaData,System.Action{HP.Jarvis.DataCollection.DataCollectionService.ControlledData.ResultType{HP.Jarvis.DataCollection.DataCollectionService.LEDMObject}[]})">
            <summary>
            Filters LEDM and CDM trees choosing the proper method for it.
            This method will decide based upon the printer request,
            response and info which of the filters should be applied to the tree.
            </summary>
        </member>
        <member name="T:HP.Jarvis.DataCollection.DataCollectionService.IApplicationInformation">
            <summary>
            Application info
            </summary>
        </member>
        <member name="T:HP.Jarvis.DataCollection.DataCollectionService.IDeviceInformation">
            <summary>
            Device info
            </summary>
        </member>
        <member name="M:HP.Jarvis.DataCollection.Configuration.#ctor(HP.Jarvis.DataCollection.Configuration.Stack,HP.Jarvis.DataCollection.Configuration.Stack,System.String,System.String,System.String,System.String,System.Int32,System.Int32,System.Int32)">
            <summary>
            The Configuration for the DataCollection component.
            </summary>
            <param name="dataIngressStack">The Jarvis Telemetry API stack the component will communicate with.</param>
            <param name="dataValveStack">The Valve Controller API stack the component will communicate with.</param>
            <param name="dataIngressClientId">The client id for the jarvis telemetry service</param>
            <param name="valveControllerClientId">The client if for the jarvis valve controller service</param>
            <param name="dataIngressCustomEndpoint">The custom endpoint for the jarvis telemetry service</param>
            <param name="valveControllerCustomEndpoint">The custom endpoint for the jarvis telemetry service</param>
        </member>
        <member name="T:HP.Jarvis.DataCollection.IDataCollectionServiceConfigurationProvider">
            <summary>
            An object that can provide a `DataCollectionService.Configuration` object
            </summary>
        </member>
        <member name="T:HP.Jarvis.DataCollection.LedmSanitizer">
            <summary>
            Responsible for removing all undesirable nodes from an LEDMObject XML.
            </summary>
        </member>
        <member name="M:HP.Jarvis.DataCollection.LedmSanitizer.Sanitize(HP.Jarvis.DataCollection.DataCollectionService.LEDMObject,HP.Jarvis.DataCollection.BindingsResponse)">
            <summary>
            Remove all undesirable nodes from an LEDMObject XML tree according to a set of filters.
            </summary>
            <param name="ledmObject">LEDMObject containing the XML tree to be sanitized</param>
            <param name="bindings">Bindings containing the rules to sanitize according to</param>
            <returns></returns>
        </member>
        <member name="M:HP.Jarvis.DataCollection.DictionaryExtensions.GetMaxAge(System.Collections.Generic.IDictionary{System.String,System.String})">
            <summary>
            Retrieve the max age value from a Headers dictionary.
            </summary>
            <param name="dictionary">The dictionary from which the Max Age attribute will be extracted.</param>
            <returns>Max Age in seconds.</returns>
        </member>
        <member name="T:HP.Jarvis.DataCollection.ClientAdvertisingIdNotAvailableReason">
            Enumerates the possible reasons as to why the retrieval of the client advertising id is not available
        </member>
        <member name="F:HP.Jarvis.DataCollection.ClientAdvertisingIdNotAvailableReason.UserDenied">
            The user has denied or disabled application access to the CAID.
        </member>
        <member name="F:HP.Jarvis.DataCollection.ClientAdvertisingIdNotAvailableReason.NotRequested">
            The user has not yet been prompted to approve or deny access to the CAID
        </member>
        <member name="F:HP.Jarvis.DataCollection.ClientAdvertisingIdNotAvailableReason.DeviceDenied">
            Device policy is preventing access to the CAID.
        </member>
        <member name="F:HP.Jarvis.DataCollection.ClientAdvertisingIdNotAvailableReason.Unknown">
            Unable to determine the reason.
        </member>
        <member name="T:HP.Jarvis.DataCollection.IJarvisRetargetingDataService">
            <summary>
            Component class exposing functionality related to Retargeting Data
            </summary>
        </member>
        <member name="M:HP.Jarvis.DataCollection.IJarvisRetargetingDataService.GetDeviceClientAdvertisingId">
            <summary>
            This method will return the current Client Advertising Id without presenting a user interface, e.g., a permission dialog.
            The service does not cache the data for any field. It will be refreshed from the source for each request.
            - Returns: The string value of the client advertising id if available, if not available, `nil` is returned
            </summary>
        </member>
        <member name="M:HP.Jarvis.DataCollection.IJarvisRetargetingDataService.GetDeviceClientAdvertisingIdAvailability">
            <summary>
            This synchronous method will return the current Client Advertising Id availability without presenting a user interface, e.g., a permission dialog.
            The service does not cache the data for any field. It will be refreshed from the source for each request.
            - Returns: The `ClientAdvertisingIdAvailability` for the device
            </summary>
        </member>
        <member name="F:HP.Jarvis.DataCollection.JarvisRetargetingDataService.ClientAdvertisingGUID">
            <summary>
            Ideally this ID is provided by the OS/AppStore ecosystem. 
            But the underlying framework must support applications to retrieve these IDs.
            Such support is available in platforms like UWP while absent in others such as .Net framework.
            Thus a design is implemented so that each client can set its own ClientAdvertisingGUID. 
            A default ID common to all clients will be provided if client does not set its own ID.
            [Common Guid("7084B863-8B78-482F-8CEB-0742AE8E4820")]
            </summary>
        </member>
    </members>
</doc>
